Name,Address,Email
Tonya Boyd,"80580 Marcus Green Suite 343
Lake Carrieport, NV 78447",joshuashah@example.net
Brandon Carter,"868 Kelly Via Suite 670
West Valerieville, CT 86156",jaime86@example.org
Joshua Morris,"845 Beasley Tunnel Suite 413
Patricktown, CA 90567",brenda15@example.net
Olivia Savage,"91981 Ward Ford
South Toddport, OK 21503",tevans@example.com
Michael Bates,"PSC 8785, Box 3921
APO AP 86960",sstewart@example.net
Matthew Banks,"495 Jeffrey Common Suite 406
Lake Veronica, WY 89493",garciarobert@example.com
April Terry,"222 Sarah Vista
South Bradley, PW 16711",welchbenjamin@example.org
Evelyn Daniels,"USNV Wilson
FPO AA 07505",rbush@example.net
Jason Mullins,"08709 Johnson Springs
Jessicaport, AZ 68591",zcollins@example.net
Jeanette Reed,"Unit 3327 Box 2107
DPO AA 31915",paulnicholson@example.com
Jessica Ramsey,"64649 Marc Mission
West David, OR 60856",gregory00@example.net
Amanda Sanchez,"6507 Mills Burg
Port Felicia, CT 66225",suttonmichelle@example.com
Scott Harrell,"10034 Mason Isle
North Garyton, AS 44054",baileymendoza@example.org
James Williams,"50447 Lopez Roads
East Jose, HI 08223",brownpaula@example.org
Joseph Johnson,"Unit 1863 Box 3633
DPO AA 73544",gfoster@example.org
Jasmine Martinez,"5308 Matthew Spring
Meganside, MA 59861",michael95@example.com
April Flores,"555 Schultz Burgs Suite 981
Dianaview, AS 29264",qsmith@example.net
Brittany Mcdonald,"320 Peters Brook Apt. 045
Jacksontown, KS 15679",stephen17@example.net
Francisco Jones,"35586 Tammy Gateway Suite 310
South Derekfort, OK 08842",tyler67@example.org
Jonathan Harris,"49804 Marc Inlet
Lake Sandy, PA 58020",johnnysandoval@example.com
Joe Smith,"085 Philip Hill
Martinezhaven, HI 29732",jessemorales@example.net
Mrs. Nicole Larson,"783 Sparks Ways Suite 881
Sellersside, FL 06484",justinrios@example.org
Michelle Anderson,"66256 Cole Cliff Suite 808
Leemouth, SD 76016",melinda46@example.org
Alicia Baker,"Unit 6712 Box 7184
DPO AP 26258",urobles@example.com
Ronald Case,"060 Kelly Locks
East Carolynside, PW 81889",scarson@example.net
Christopher King,"96181 Delgado Union Suite 035
New Ashleyport, AS 97771",omoreno@example.org
Victoria Allen,"626 Gomez Fords Apt. 702
Lake Miguel, DE 58257",brandongarrett@example.net
Allen Villa,"686 Matthew Burgs
Greenemouth, MT 25372",cmay@example.net
Jason Davis,"7822 John Isle Apt. 107
Reneehaven, MO 51949",erinwilliams@example.org
Bruce Combs,"179 Brown Hills Apt. 649
Port Jenniferville, UT 94215",mary08@example.net
Tiffany Morse,"9321 Mendez Plaza Suite 602
Lake Hannah, MH 33626",michaelthomas@example.net
Amanda Wright,"36523 Brooke Plain Suite 976
Olsonchester, PW 70120",quinnalexis@example.com
Christine Christensen,"437 Bonnie Forge Suite 207
Watsontown, SC 01600",hayneskimberly@example.org
Colin Butler,"6759 Wiley Ridges Suite 615
Patriciastad, AK 52211",austin77@example.com
Christina Becker,"PSC 8864, Box 6378
APO AE 95931",scook@example.com
Tiffany Winters,"126 Marshall Lodge Suite 907
South Daniel, SD 18026",daniellegarcia@example.org
Matthew Kennedy,"3153 Martin Keys Apt. 869
Avilafort, NJ 67686",susan90@example.net
Angela Smith,"91371 Lopez Forge
Williamport, MO 20739",brady63@example.net
Alejandra Wheeler,"32896 Williams Street
Port Michael, AZ 11676",richardsbrandon@example.org
Kristin Crosby,"886 Edward Locks
Jefftown, RI 59625",cgilbert@example.net
Desiree Willis,"40854 Munoz Greens Suite 472
South Michelle, TN 62691",fmurray@example.com
Jason Morales,"01622 Smith Manors
South Kathleen, VA 08007",hwilson@example.net
Justin Wells,"727 Ashley Viaduct Suite 331
Lake Michellebury, WV 94954",margaret50@example.net
Kirsten Burke,"329 Thomas Fords
Moniquemouth, OR 88434",denisecortez@example.org
Kristen Richmond,"920 Tommy Bypass
East Davidburgh, NV 88738",julia15@example.org
Brenda Morgan,"78646 Webb Village Apt. 407
South Kimberlyside, MO 19220",idalton@example.org
Christy Ross,"85813 Pamela Lodge Apt. 271
New Michelleview, AL 72628",wgarcia@example.com
Richard Moore,"USCGC Bolton
FPO AP 96676",yrussell@example.com
Ryan Nguyen,"0167 Horne Key Apt. 371
New Christinamouth, IL 31314",michelle69@example.com
Sara Nguyen,"778 Hodge Pines
Lauramouth, OR 12176",iburgess@example.net
Monica Arnold,"534 Hayes Pass Suite 918
Alexburgh, GU 31808",smithkimberly@example.org
Leslie Zuniga,"28009 Christopher Mountain Suite 133
Stephanietown, MI 91242",chapmanmelinda@example.net
Danielle Henry,"2883 Samuel Plain Suite 657
North Michelle, AK 69277",morenochristine@example.net
Joshua Brown,"2531 Jesse Crest Suite 754
North Walter, OH 43828",noah72@example.com
Casey Underwood,"4607 Sexton Streets Suite 409
Lake Steve, MO 33783",jeffrey18@example.com
Brandon Kaiser,"302 Daniel Springs Suite 242
Rodriguezstad, RI 27740",plong@example.net
Amanda Wilson,"6245 Lambert Island
Jamesview, MP 33682",smithjoe@example.org
Craig Kelley,"6895 Thompson Park
Gregoryside, DE 35293",teresa49@example.org
John Davenport,"510 Moses Vista Apt. 495
Walterview, FL 33087",justinmartinez@example.com
Mario Shannon,"92357 Reynolds Dale Apt. 185
Lake Joseph, MS 86648",kimberlyday@example.net
Cassandra Wood,"586 Trevino Ferry
West Kellymouth, KY 66194",shannonjackson@example.com
Ashley Turner,"4350 Robinson Haven
Daybury, ME 37008",farrellmatthew@example.net
Amy Golden,"637 Michael Islands
Williamberg, TN 03819",benjaminayala@example.net
Willie Wood,"800 Stephanie Island Apt. 835
New Joshuaberg, GU 46375",phernandez@example.com
Sandra Baker,"949 Brianna Lock
Brownmouth, CT 50226",april64@example.net
Barry Green,"21452 Julie Gateway
Morenochester, OK 21992",cynthiatownsend@example.net
Natalie Burns,"263 Chase Courts Suite 643
Smithfort, UT 46263",johnsonkenneth@example.net
Eric Ross,"7021 Tiffany Point
Port Thomas, ND 56432",brianthomas@example.org
Joshua Allen,"7952 Perez Courts
Jenniferton, FM 28678",debbie14@example.net
Amy Hampton,"Unit 8614 Box 5894
DPO AE 49639",hollynorman@example.org
Vanessa Wilson,"7083 Jacob Garden Apt. 448
Hallside, UT 09633",kgray@example.org
Mrs. Kathy Boyle DDS,"8455 Katherine Skyway
Nathanielchester, IA 98055",tammy00@example.org
Brian Brown,"262 Curtis Forks Suite 755
Port Charleschester, OR 99094",ehunt@example.org
Kellie Stout,"69371 Allison Mill
New Lisabury, MS 93992",spencermorrison@example.net
Pam Knight,"56565 Pope Trail Suite 927
Lake Kenneth, NV 15645",batesronald@example.com
Stacy Bowen,"USNV Wall
FPO AA 44227",jhicks@example.org
Audrey Branch,"8636 Harmon Passage Apt. 846
Karenshire, NV 26185",victoria10@example.com
James Frey,"86481 Gregory Lodge Suite 269
Colonbury, MA 81828",abigailgreen@example.org
Rachel Smith,"9255 Ramos Route
Victormouth, MS 17028",ktorres@example.net
Michael Hanson,"68583 Julie Estate
Port Marthahaven, KY 21358",cburns@example.org
Desiree Snyder,"55288 Cole Garden Apt. 347
Latoyaton, SD 12467",lmercado@example.com
Evelyn Taylor,"3976 Bean Plaza
Judyshire, TN 37374",morganstephen@example.net
Susan Juarez,"1289 Robert Knoll
Erikton, PW 04962",tammy71@example.net
Kristin Baker,"7914 Katherine Tunnel Apt. 769
Port Erin, NV 53005",kimjames@example.com
Charles Galloway,"2222 Brennan Path Suite 601
West Diana, AZ 54006",douglas41@example.net
Karen Smith,"273 Chavez Expressway
Troyton, WI 04322",hutchinsonbradley@example.org
Jay Brown,"526 Allen Trace Apt. 496
Jamesstad, NE 91046",brightmatthew@example.com
Melissa Anderson,"0832 Sullivan Mill Suite 836
Sparksborough, AK 93344",ericadams@example.org
Randy Garcia,"574 Benjamin Route
Markchester, OK 87724",tamara78@example.org
Michael Conley,"331 Evans Center Suite 800
Port Jamesmouth, MI 83443",smithryan@example.net
Jeffrey Hall,"9446 Mindy Throughway Apt. 813
Lake Stacyland, MA 76321",khall@example.net
Krystal Martinez,"92912 Hansen Tunnel
North Hannah, OH 50832",lmays@example.net
Jennifer Wagner,"4191 Fletcher Track Suite 439
Annaborough, ID 20235",ncarter@example.com
Rhonda Garcia,"511 Carney Fall Suite 378
Laurieport, NM 80821",michael82@example.org
Michael Hardy,"46604 Miller Burgs Suite 233
East Alexander, MS 02958",smithveronica@example.net
Terry King,"57224 Julia Village
New Meagan, NC 53307",elizabeth79@example.org
Richard James,"439 Darrell Station Apt. 752
Pruitthaven, IN 08017",jennifertaylor@example.org
Jon Orr,"1229 Luke Wells
Haysshire, MA 93352",ffrank@example.com
John Jacobs,"91871 Bobby Grove
Justinland, UT 77946",riceadrienne@example.com
Deborah Green,"735 Jared Harbor Suite 469
North Sierramouth, NV 23635",deborah66@example.org
